{"10.192.24.19,10.192.24.127,": [0.0, 0.0, 0.0, 0.0, 0.0], "10.192.24.18,10.192.24.228,": [0.10753150458808418, 0.1605505103224868], "10.192.24.228,10.192.24.40,": [0.0, 0.0, 0.0, 0.0, 0.0], "10.192.24.144,10.192.24.130,": [0.0, 0.0, 0.0, 0.0, 0.0], "10.192.24.38,10.192.24.228,": [0.0, 0.0, 0.0, 0.0, 0.0], "10.192.24.228,10.192.24.37,": [0.0, 0.0, 0.0, 0.0, 0.0], "10.192.24.12,10.192.24.127,": [0.0, 0.0, 0.0, 0.0, 0.0], "10.192.24.228,10.192.24.15,": [0.0, 0.0, 0.0, 0.0, 0.0], "10.192.24.228,10.192.24.16,": [0.07390990557971301, 0.07420319885582298, 0.07449649213193295, 0.08065565093024236], "10.192.24.228,10.192.24.41,": [0.0, 0.0, 0.0, 0.0, 0.0], "10.192.24.44,10.192.24.228,": [0.0, 0.0, 0.0, 0.0, 0.0], "10.192.24.228,10.192.24.42,": [0.0, 0.0, 0.0, 0.0, 0.0], "10.192.24.14,10.192.24.228,": [0.0, 0.0, 0.0, 0.0, 0.0], "10.192.24.228,10.192.24.39,": [0.0, 0.0, 0.0, 0.0, 0.0], "10.192.24.11,10.192.24.127,": [0.0, 0.0, 0.0, 0.0, 0.0], "10.192.24.34,10.192.24.228,": [0.0, 0.0, 0.0, 0.0, 0.0], "10.192.24.31,10.192.24.127,": [0.0, 0.0, 0.0, 0.0, 0.0], "10.192.24.56,10.192.24.228,": [0.0, 0.0, 0.0, 0.0, 0.0], "10.192.24.17,10.192.24.127,": [0.0, 0.0, 0.0, 0.0, 0.0], "10.192.24.13,10.192.24.127,": [0.0, 0.0, 0.0, 0.0, 0.0], "10.192.24.54,10.192.24.228,": [0.0, 0.0, 0.0, 0.0, 0.0], "10.192.24.43,47.114.14.84,": [0.0, 0.0, 0.0, 0.0, 0.0], "10.192.24.228,10.192.24.55,": [0.0, 0.0, 0.0, 0.0, 0.0], "10.192.24.18,10.192.24.127,": [0.0, 0.0, 0.0, 0.0, 0.0], "10.192.24.14,10.192.24.127,": [0.0, 0.0, 0.0, 0.0, 0.0], "10.192.24.171,10.192.24.130,": [0.0, 0.0, 0.0, 0.0, 0.0], "10.192.24.228,10.192.24.11,": [0.0, 0.0, 0.0, 0.0, 0.0], "10.192.24.228,10.192.24.17,": [0.0, 0.0, 0.0, 0.0, 0.0], "10.192.24.181,10.192.24.130,": [0.0, 0.0, 0.0, 0.0, 0.0], "10.192.24.179,10.192.24.130,": [0.0, 0.0, 0.0, 0.0, 0.0], "0.0.0.0,255.255.255.255,": [0.0, 0.0, 0.0, 0.0, 0.0], "10.192.24.138,10.192.24.130,": [0.0, 0.0, 0.0, 0.0, 0.0], "10.192.24.9,10.192.24.1,": [0.0, 0.0, 0.0, 0.0, 0.0], "10.192.24.142,10.192.24.130,": [0.0, 0.0, 0.0, 0.0, 0.0], "10.192.24.228,10.192.24.13,": [0.0, 0.0, 0.0, 0.0, 0.0], "10.192.24.185,10.192.24.130,": [0.0, 0.0, 0.0, 0.0, 0.0], "10.192.24.137,10.192.24.130,": [0.0, 0.0, 0.0, 0.0, 0.0], "10.192.24.228,10.192.24.31,": [0.0, 0.0, 0.0, 0.0, 0.0]}